112.3787286,13148.20614,7.074847254,-5.449081367,2.111271035,47.74763665,1.251349594,-0.035838993,5.795421612,-15.0670604,2.623697393,1.672303567,0.469587111,-0.003923084
112.3995494,13025.3808,7.13348942,-5.447677082,2.107349,47.80526786,1.24607913,-0.036755182,11.72069967,-14.25803151,2.679197412,0.220589268,0.169450856,-0.004141816
112.4182587,12948.36605,7.13348942,-5.447677082,2.107239562,47.80526786,1.24607913,-0.036755182,12.42464161,-14.30040184,2.679197412,0.438906747,0.172803545,-0.004141816
112.4381943,12885.29037,7.403535558,-5.366478516,2.117504749,47.81696319,1.29214963,-0.035184434,10.55857153,-14.0353335,2.62224732,1.301608662,0.196551022,-0.006876275
112.4589703,12805.47467,7.415345686,-5.367920213,2.11766412,47.80665899,1.287721858,-0.035030385,12.31281545,-14.27836807,2.582146089,1.338265661,-5.308360861,-0.00323195
112.4753143,12737.1645,7.422321389,-5.368985645,2.117262464,47.80721702,1.291447743,-0.035599023,12.26673607,-13.78651283,2.633810944,1.328128394,-5.467082433,-0.003681058
112.499712,12665.00343,7.408698858,-5.369253261,2.119145779,47.79636642,1.291880649,-0.035730477,12.32406367,-13.74800431,2.629405912,1.7309802,-5.204671122,-0.003218912
112.5178412,12613.25974,7.422321389,-5.368985645,2.114949972,47.80721702,1.291020857,-0.035183096,13.67659971,-14.28780002,2.629915874,1.338265661,-5.404062608,-0.003163045
112.5392835,12555.01596,7.424901672,-5.367163315,2.114939907,47.86672701,1.29214963,-0.035184434,13.67659971,-14.11757173,2.629915874,1.338265661,-5.377606243,-0.007314384
112.5565636,12483.65505,7.422321389,-5.368985645,2.114949972,47.81731671,1.29121208,-0.035183096,13.67659971,-13.36869287,2.487689302,0.965192736,-5.404062608,-0.003163045
112.566082,12433.25887,7.418961255,-5.366465645,2.11751242,47.80050666,1.256013011,-0.035200185,13.75265923,-14.18776184,2.59044647,1.203467195,0.254992394,-0.003142324
112.5999008,12383.1276,7.434106672,-5.3652903,2.117612806,47.794611,1.30042885,-0.035524267,13.68084225,-14.09739047,2.568838148,1.592196533,0.206369494,-0.007314384
112.6192956,12330.81018,7.434105228,-5.374834868,2.116919928,47.79811526,1.27050855,-0.03607977,12.66511522,-14.16615805,2.581555891,1.255125844,0.462635382,-0.007328888
112.6397433,12271.38945,7.07120262,-5.453540165,2.115530942,47.75034653,1.2670225,-0.03529037,13.01534784,-14.26026849,2.586342995,1.138619904,0.486820745,-0.007437555
112.6574412,12178.18055,7.435458662,-5.369241302,2.117594872,47.79414181,1.300432407,-0.035011326,12.29439231,-14.11897253,2.569824446,1.338265661,0.48277559,-0.006844647
112.6769977,12123.29294,7.435458662,-5.369241302,2.117599502,47.78861865,1.300432407,-0.035011326,12.30049971,-14.11897253,2.569824446,1.479200377,0.48277559,-0.006844647
112.6964331,12052.55601,7.434105228,-5.371589974,2.116919928,47.79853483,1.254834005,-0.03607977,12.66511522,-14.16615805,2.712126745,1.194457135,0.464174788,-0.007531484
112.7182096,12008.1305,7.081673095,-5.453540165,2.119896196,47.75138467,1.266957531,-0.036158726,13.04826288,-14.25991182,2.586351324,1.654679884,0.486833307,-0.007437092
112.739998,11919.52275,7.435465862,-5.371746925,2.117571127,47.79885653,1.254938136,-0.035195536,12.35316476,-14.20370586,2.720035468,1.473952273,0.468630774,-0.006832137
112.7593702,11871.95828,7.435465862,-5.371746925,2.117541585,47.82658534,1.252820753,-0.035102315,12.24088763,-14.15182959,2.727739751,1.473952273,0.468630774,-0.006817278
112.7766434,11825.36357,7.435465862,-5.372365,2.117568252,47.82658534,1.254622315,-0.035099529,12.35324068,-14.15182959,2.727226432,1.473952273,0.468630774,-0.006817008
112.7996326,11758.96161,7.123864978,-5.45207946,2.114944928,48.65517288,1.292394807,-0.035828806,13.71414699,-14.15304406,2.576842532,1.165851589,0.470214054,-0.007432662
112.8196975,11708.75267,7.434105228,-5.366438177,2.116050338,47.79467794,1.300432407,-0.035194134,13.67659971,-14.12073513,2.568838148,1.338265661,0.470299819,-0.007314384
112.8399018,11649.69311,7.436686127,-5.366438177,2.116115791,47.79467794,1.271386467,-0.035194134,13.66294968,-14.12073513,2.568927731,1.338265661,0.482800448,-0.007314384
112.8569074,11604.78135,7.43393737,-5.366438177,2.116104121,47.79467794,1.302745667,-0.035592825,13.57145884,-14.12073513,2.568838148,1.592196533,0.470299819,-0.007167167
112.8780565,11541.91029,7.436141459,-5.370851472,2.116053394,47.79886314,1.300432407,-0.035194134,13.65747818,-14.09489923,2.634018213,1.333241485,0.457643058,-0.007314384
112.89324,11509.15219,7.434105228,-5.368985645,2.116053394,47.79886314,1.300432407,-0.035194134,13.67659971,-14.12073513,2.629915874,1.338265661,0.470299819,-0.007314384
112.9192797,11453.32624,7.124620501,-5.45207946,2.107796482,48.29392784,1.293294331,-0.038660718,13.71414699,-14.15304406,2.642771136,1.515874516,0.463741261,-0.007432662
112.9396177,11393.27801,7.096289417,-5.458613286,2.111917255,47.90427033,1.319780191,-0.038346025,13.72397485,-14.12431947,2.63196765,1.982085575,0.432293982,-0.007663071
112.9509638,11370.80121,7.098083888,-5.464029699,2.112301235,47.86660849,1.319780191,-0.035494642,13.72397485,-14.12431947,2.63240885,1.959396914,0.438508066,-0.007759674
112.9799579,11278.45913,7.125056107,-5.451983677,2.112521156,47.86500899,1.319384303,-0.035014739,13.72397485,-14.15213739,2.632607892,1.982085575,0.444190483,-0.007255504
112.9988394,11224.19223,7.12507167,-5.463793617,2.112521156,47.86500899,1.319384303,-0.035014739,13.72397485,-14.12431947,2.632607892,1.982085575,0.444190483,-0.007255504
113.0172241,11167.17469,7.135412213,-5.397354475,2.097325709,47.80473337,1.505907595,-0.045472388,9.821008034,-14.24607758,2.635884125,6.293815451,0.459138026,-0.008177758
113.0326594,11146.06311,7.135412213,-5.397354475,2.095791851,47.80371544,1.534995382,-0.045472388,9.81335145,-14.22313079,2.634001535,6.269912491,0.459138026,-0.008149771
113.0557146,11101.82449,7.596098836,-5.382874248,2.004408771,48.70184466,1.255453251,-0.037811333,9.554588946,-14.28522331,2.631335196,6.710385172,0.454802633,-0.008066885
113.0797839,10998.52736,7.598867568,-5.382874248,2.004408771,48.70184466,1.256331581,-0.037811333,9.690821577,-14.30252712,2.630286303,6.710385172,0.455459077,-0.008066885
113.0987371,10973.24744,7.339206717,-5.460845115,2.102872548,47.8100625,1.297987895,-0.036102624,15.38201731,-14.19588829,2.599530272,1.0686112,0.467902359,-0.008542417
113.1082057,10920.90085,7.598867568,-5.382874248,2.004408771,48.70184466,1.256331581,-0.037811333,9.690821577,-14.26626755,2.630271854,6.726558585,0.455459077,-0.008066885
113.1370133,10896.32055,7.338022737,-5.460870322,2.102508214,47.83809,1.297222587,-0.036103401,15.39523224,-14.21764461,2.599969322,1.192294746,0.468106326,-0.008420907
113.1561926,10827.96572,7.598867568,-5.37042278,1.997125656,48.61472637,1.266565266,-0.035158083,9.994614907,-14.29212879,2.617257047,6.708043685,0.451944759,-0.008221689
113.1757039,10786.38378,7.190595413,-5.382776718,2.016626246,48.63375092,1.291961632,-0.03521882,10.34847792,-14.33011643,2.616395817,6.689009792,0.470032527,-0.010010415
113.1999003,10753.1412,7.420791494,-5.368401286,2.017961975,48.24253548,1.291324146,-0.035536375,10.29645401,-14.30414431,2.616914911,6.70496658,0.471644552,-0.009947163
113.219776,10695.89737,7.409085741,-5.368401286,2.017961975,48.24253548,1.309378329,-0.035533933,10.29645401,-14.26587616,2.610003631,6.704966564,0.471644552,-0.009947163
113.2399513,10654.71958,7.428519387,-5.452432881,2.015887093,48.72646952,1.279372567,-0.035436736,10.33635051,-14.27480324,2.617614321,6.704181605,0.466635832,-0.009777346
113.2524307,10631.79451,7.190595413,-5.382714328,2.01651355,48.68649926,1.291961632,-0.03519639,10.33978079,-14.30914405,2.616395817,6.689276025,0.470032527,-0.009273769
113.2750737,10585.73088,7.195169217,-5.382589309,2.01651355,48.58469699,1.292290044,-0.035351129,10.35567676,-14.28913668,2.616395817,6.697085112,0.470032527,-0.009367582
113.2941628,10546.6556,7.64576822,-5.363083488,2.018698698,47.80595183,1.299210616,-0.03467279,10.47915329,-14.29833101,2.613276518,6.695991925,0.430958133,-0.007975423
113.3192468,10487.64899,7.045829793,-5.468060509,2.015887093,48.6400378,1.305256154,-0.034401162,10.35376704,-14.29677684,2.624373114,6.867942668,0.457053889,-0.00967299
113.3362054,10453.66089,7.064977396,-5.453956912,2.017289514,48.65317721,1.305387965,-0.034217066,10.35376704,-14.29036335,2.618700662,6.839925056,0.467675436,-0.009592548
113.3579616,10417.70428,7.118891634,-5.469283653,2.01501241,48.65317721,1.289477183,-0.034352646,10.35376704,-14.29677684,2.624495502,6.866383026,0.466635832,-0.009642096
113.3790528,10372.77249,7.64576822,-5.362575936,2.01725764,47.81074016,1.300134815,-0.034661517,10.62491871,-14.27615517,2.613048499,6.683398428,0.428186343,-0.007950685
113.3936091,10332.71472,7.438827773,-5.369294179,2.015858044,47.86592076,1.309819509,-0.034566532,10.62015046,-14.27464005,2.61545203,6.70496658,0.471644552,-0.009904963
113.419469,10306.55494,7.59183968,-5.453148201,2.020430672,47.82818853,1.278729108,-0.035869796,10.57787689,-14.21958624,2.614742649,6.684675526,0.435485951,-0.008673039
113.438958,10274.02432,7.068175329,-5.369797501,2.022207835,47.85150739,1.293830097,-0.034923646,10.53387675,-14.18105502,2.615612304,6.682133504,0.435614637,-0.008758993
113.4587217,10217.54444,7.071192919,-5.453195354,2.115205471,47.85052644,1.259742359,-0.035110836,12.89490419,-14.98358459,2.622470328,6.304059273,0.372423706,-0.0061912
113.4756568,10189.70047,7.114639911,-5.459889809,2.110943909,47.81673749,1.256599256,-0.035549806,12.52047712,-14.96803295,2.624301355,6.743114754,0.356261775,-0.006150804
113.4964654,10144.9691,7.071192919,-5.47125969,2.115205471,47.85052644,1.297209686,-0.035069874,12.89490419,-14.98456866,2.622470328,6.424717388,0.359068796,-0.006141012
113.5182094,10116.89591,7.047513511,-5.448768941,2.110937154,47.82309218,1.287461363,-0.035680414,12.62431113,-15.04137701,2.623238532,6.869966543,0.354438442,-0.006040103
113.539388,10064.84245,7.13268891,-5.455349984,2.115169501,47.81091122,1.263319376,-0.035021708,12.64978559,-14.95705549,2.613202687,6.731096952,0.357747866,-0.005883785
113.5575929,10018.8867,7.101941453,-5.463331252,2.116670084,47.87245187,1.268392829,-0.036032406,12.84031042,-15.04186039,2.620565632,6.723800262,0.374848565,-0.006576025
113.5768088,9995.613455,7.099471165,-5.456489203,2.116918818,47.73417097,1.291090603,-0.036219033,12.86017292,-14.97635051,2.6245048,6.582234179,0.357380168,-0.006049946
113.5977047,9962.541253,7.106102424,-5.470936814,2.111251766,47.84854667,1.259240354,-0.035104656,12.92152352,-14.99101027,2.623870999,6.591859325,0.358869589,-0.006151036
113.617706,9910.307221,7.191724472,-5.458078225,2.109979961,47.82462521,1.309375449,-0.036080291,12.88801519,-14.90528233,2.575614835,6.748505708,0.345929781,-0.005716892
113.6381376,9867.260436,7.096525151,-5.464770123,2.111358963,47.86799171,1.26526876,-0.035115609,12.92152352,-14.99101027,2.610998829,6.743114754,0.358869589,-0.006121204
113.6566957,9839.038286,7.093841952,-5.459974927,2.110943909,47.82652848,1.315301678,-0.035548388,12.89478462,-14.99101027,2.62411933,6.727260445,0.354438442,-0.006040103
113.6794047,9805.925116,7.098084595,-5.464128244,2.111241321,47.86858118,1.253863907,-0.035087452,12.92152352,-14.99101027,2.623870999,6.743114754,0.358869589,-0.006151036
113.6937243,9781.827206,7.192344983,-5.472220618,2.111241321,47.84579154,1.2957107,-0.035549806,12.93429567,-14.99101027,2.623870999,6.752738148,0.358869589,-0.006155113
113.717056,9744.653019,7.093599705,-5.470796008,2.111241929,47.86798968,1.296112471,-0.035549325,12.96437742,-14.99101027,2.631323363,6.732485537,0.354490738,-0.006154797
113.7389156,9670.722987,7.403938671,-5.387534937,2.115051797,48.67619839,1.26488396,-0.037883205,10.23970896,-14.22790508,2.750210784,6.628331721,0.352188458,-0.00734594
113.7571088,9609.857284,7.402596615,-5.387534937,2.115051797,48.67840569,1.26488396,-0.037883205,10.23970896,-14.22790508,2.750210784,6.628331721,0.359677444,-0.007346277
113.7787413,9578.791838,7.401894421,-5.385187685,2.114901114,48.66956315,1.506229714,-0.047623122,10.34950618,-14.26945055,2.745016542,6.644164148,0.355581366,-0.007064443
113.7936852,9551.957899,7.401894421,-5.389572929,2.114758944,48.6686545,1.506229714,-0.048187404,10.29753898,-14.26869429,2.745016542,6.747361954,0.356235239,-0.007301537
113.8154256,9498.786448,7.202957747,-5.379953179,2.110423184,48.6549129,1.258582781,-0.036015545,10.57876695,-14.16352064,2.744855252,6.270480877,0.361133808,-0.007558569
113.8365504,9422.750095,7.060889698,-5.358885225,2.111410159,48.67331787,1.310846409,-0.038378349,10.41332844,-14.22757736,2.75225254,6.625211468,0.349786425,-0.00735188
113.856946,9391.688589,7.101870695,-5.375967256,2.115378404,48.70358033,1.263284562,-0.036992417,10.35596769,-14.25423251,2.753672228,6.703913456,0.360585217,-0.007356705
113.879947,9321.038714,7.185582788,-5.358885225,2.111389952,48.59118316,1.267937505,-0.03799326,10.42051613,-14.25526721,2.75225254,6.688882569,0.352940612,-0.006890785
113.8985021,9291.827606,7.069900454,-5.358885225,2.111410159,48.67331787,1.327107535,-0.038375271,10.41333165,-14.22757736,2.75225254,6.625211468,0.347347433,-0.006670463
113.9188282,9248.293353,7.068138505,-5.378248047,2.116484269,48.66300031,1.301219948,-0.035369039,10.40277634,-14.24855923,2.753968895,6.703337703,0.364692747,-0.007369426
113.9355693,9205.601756,7.078946555,-5.386644715,2.115247382,48.63783697,1.284933338,-0.036993419,10.38324025,-14.22945863,2.754852954,6.703188289,0.354017031,-0.006927875
113.9559279,9180.434255,7.058546452,-5.386644715,2.111626518,48.67013788,1.284933338,-0.036973224,10.38324025,-14.22009629,2.754195842,6.703188289,0.354017031,-0.006927875
113.9766567,9125.684524,7.058546452,-5.386644715,2.111626518,48.67013788,1.305341464,-0.035281735,10.38324025,-14.22009629,2.757095997,6.703188289,0.354017031,-0.006927875
113.9914907,9103.050554,7.057263307,-5.386644715,2.111626518,48.67013788,1.305341464,-0.035281735,10.39895857,-14.22009517,2.757095997,6.706705249,0.353956213,-0.006927875
114.0127724,9071.213332,7.070506978,-5.381153946,2.110271086,48.73005134,1.326886859,-0.035946029,10.49005549,-14.19277959,2.735133717,6.718487008,0.347425522,-0.00659338
114.0378672,9025.046879,7.100869976,-5.382847375,2.117469043,48.66688736,1.252184683,-0.035051375,10.3178105,-13.42309787,2.559809575,6.33813372,0.353216519,-0.007655207
114.0588898,8971.799313,7.070449554,-5.389090056,2.119492002,48.67256411,1.279316953,-0.03802809,10.23349811,-13.44368417,2.564885726,6.439260908,0.352424362,-0.007152281
114.0785589,8925.868823,7.071260458,-5.388781362,2.119582155,48.65492697,1.269785173,-0.037892967,10.17239687,-13.4463604,2.557359287,6.628668716,0.346766525,-0.007390374
114.098381,8884.998729,7.07168307,-5.388787332,2.119582155,48.67103398,1.255374364,-0.038150898,10.17239687,-13.45045042,2.557359287,6.628668716,0.353857619,-0.00738979
114.1197126,8835.311785,7.066877173,-5.379851559,2.117400345,48.67949733,1.279234823,-0.038380753,10.26920719,-13.42838798,2.563607517,6.439333947,0.352314774,-0.007153664
114.136333,8818.797053,7.143400717,-5.380232054,2.118288724,48.30562377,1.287697115,-0.0354947,10.50848213,-14.15863203,2.732066757,6.851794307,0.351984757,-0.007232158
114.154599,8767.336408,7.07168307,-5.388922904,2.117689436,48.67103398,1.255374364,-0.038150898,10.24246859,-13.44873643,2.555999021,6.625756446,0.353857619,-0.00738979
114.1786819,8711.350226,7.070016022,-5.388781599,2.119593381,48.67256411,1.279316953,-0.038131751,10.20267906,-13.43276921,2.557359287,6.628418215,0.352314774,-0.007152281
114.1941624,8673.800632,7.068711427,-5.387612041,2.119535525,48.66948803,1.277951954,-0.036550849,10.20267906,-13.43270949,2.561409798,6.628340374,0.352242649,-0.007551291
114.2198233,8638.013336,7.070016022,-5.387670057,2.119598257,48.67259446,1.279199213,-0.038106449,10.20001361,-13.43276921,2.562445671,6.628418215,0.352314774,-0.007152281
114.2373631,8602.255049,7.070016022,-5.388781599,2.117431118,48.70641361,1.267414575,-0.035823819,10.2135675,-13.43276921,2.560523881,6.633998671,0.34961885,-0.007058245
114.2588518,8556.415576,7.070016022,-5.388781599,2.117431118,48.67148824,1.267189291,-0.035266911,10.25425111,-13.43276921,2.558622023,6.633998671,0.352314774,-0.007152281
114.27628,8527.101011,7.070016022,-5.388781599,2.117431757,48.66688736,1.267283016,-0.035837325,10.25425111,-13.43276921,2.560395298,6.633998671,0.352314774,-0.007152281
114.2958724,8507.739253,7.070016022,-5.465943402,2.121210493,48.67663161,1.276514637,-0.036190872,10.1999927,-13.40783242,2.561896584,6.678392927,0.372365179,-0.008456278
114.3198184,8445.031546,7.081811006,-5.388781599,2.107465374,48.65513454,1.269842278,-0.037897922,10.30489624,-13.44623961,2.571771344,6.624368294,0.348672154,-0.007546221
114.3369981,8415.44867,7.081811006,-5.388781599,2.107331543,48.65513454,1.269842278,-0.037897922,10.30489624,-13.44623961,2.574161697,6.624368294,0.346843343,-0.007546221
114.3577128,8369.033351,7.074046383,-5.388781599,2.107679291,48.65513454,1.269842278,-0.035287093,10.26698087,-13.41857656,2.56885124,6.633998671,0.348663161,-0.007444738
114.3749416,8332.263676,7.074078706,-5.454574817,2.116498891,48.64950048,1.270527231,-0.035302094,10.3986494,-13.44164733,2.563913437,6.64019033,0.347283921,-0.007539289
114.3989467,8293.722112,7.095902262,-5.470023237,2.116815099,48.66688736,1.296815104,-0.037804589,10.19960798,-13.35983068,2.562637392,6.630050225,0.342669996,-0.007152281
114.4139793,8228.081469,7.095902262,-5.469644758,2.117617975,48.67649253,1.296815104,-0.037825003,10.19960798,-13.10353959,2.505389666,6.42130649,0.342669996,-0.007256957
114.4318206,8204.327439,7.070016022,-5.470448616,2.12115997,48.67030747,1.268412466,-0.036158042,10.38468976,-13.43037451,2.558886083,6.749548557,0.353516796,-0.00849717
114.4593678,8135.177403,7.070016022,-5.455831057,2.117018408,48.67139476,1.258807895,-0.036186239,10.42080391,-13.41882619,2.559159206,6.679477682,0.365366302,-0.008486386
114.4793422,8102.982729,7.070016022,-5.465704544,2.120540222,48.67030747,1.268412466,-0.036158042,10.38468976,-13.43317378,2.558886083,6.754215675,0.371687267,-0.008505937
114.4893545,8085.11135,7.070016022,-5.465704544,2.12115997,48.67030747,1.268412466,-0.036158042,10.38468976,-13.43037451,2.558886083,6.754215675,0.371687267,-0.008486386
114.5105072,8031.220355,7.070016022,-5.455831057,2.114851089,48.67443763,1.258807895,-0.035256961,10.44949293,-13.41882619,2.559504512,6.673768276,0.365366302,-0.008180587
114.5361364,8009.857909,7.070016022,-5.465943402,2.12115997,48.65841902,1.268547302,-0.036148898,10.42164285,-13.40779561,2.56103676,6.679268263,0.372365179,-0.008485521
114.5548312,7975.100694,7.079515925,-5.37468196,2.117396714,48.64670135,1.280918281,-0.038089432,12.49904483,-14.21150371,2.62783187,6.273448347,0.317499063,-0.006996165
114.5744845,7912.145479,7.094675122,-5.460619486,2.108166824,48.67566142,1.269707442,-0.035546484,10.44999366,-13.43343931,2.564355059,6.72723034,0.348663161,-0.007547477
114.5982938,7896.892469,7.079683138,-5.37468196,2.117371198,48.64670135,1.280549608,-0.038287543,12.49904483,-14.21150371,2.62783187,6.273448347,0.33222019,-0.006996165
114.6170144,7838.815763,7.131019915,-5.468286863,2.118257645,48.15454122,1.256894951,-0.036695495,10.5860347,-13.33721683,2.559358779,6.505429571,0.274330723,-0.005620884
114.6353282,7786.795975,7.130978079,-5.463243511,2.118293544,48.13325801,1.279603101,-0.036695495,10.60468784,-13.33721683,2.559358779,6.505429571,0.274332238,-0.005620884
114.6592715,7761.542644,7.085367728,-5.37100428,2.116031838,48.65819063,1.29801664,-0.038330518,12.4988402,-14.20498076,2.627909888,6.333555429,0.318198976,-0.006996165
114.673548,7694.511165,7.138405796,-5.463243511,2.118257645,48.13325801,1.257357719,-0.036695495,10.63252726,-13.33721683,2.559358779,6.505429571,0.274330723,-0.005620884
114.6956884,7677.13347,7.131019915,-5.459882131,2.119255831,48.15454122,1.279565982,-0.036701262,10.60427442,-13.32022744,2.559210433,6.505429571,0.269852564,-0.005617624
114.7180592,7640.106787,7.042002357,-5.371891044,2.117707609,48.61013745,1.280716875,-0.035177651,12.40888933,-14.02412945,2.588125867,6.297742423,0.314675919,-0.006995957
114.7335223,7546.200737,7.131019915,-5.468286863,2.118257645,48.15454122,1.296822538,-0.036701262,10.62668957,-13.32022744,2.559345298,6.505429571,0.274330723,-0.005620884
114.7693232,7501.158352,7.04081437,-5.371891044,2.117331317,48.61013745,1.280716875,-0.038440628,12.43688729,-14.02412945,2.588295296,6.316668362,0.314675919,-0.006995957
114.7963988,7467.296432,7.098195814,-5.379957307,2.116068199,48.65743725,1.297146184,-0.038341635,12.53556167,-14.20017055,2.619334131,6.461025069,0.317569798,-0.007094115
114.8172757,7433.119013,7.077528746,-5.390715443,2.116779401,48.61157938,1.247491727,-0.036054125,12.44108089,-14.03396578,2.582811119,6.407854172,0.314463976,-0.006941069
114.8370593,7343.113059,7.418394902,-5.365517084,2.11899698,47.81749578,1.268529471,-0.035150736,12.32406367,-13.77362003,2.564739752,6.075045306,0.211422799,-0.003495912
114.8562658,7335.044583,7.036742855,-5.381390153,2.116779401,48.58435774,1.262127936,-0.035060183,12.43688729,-14.03396578,2.598119087,6.330829605,0.317616956,-0.007105743
114.8791364,7257.748461,7.131019915,-5.456211367,2.117447275,47.85277785,1.248199162,-0.036701215,10.60427442,-13.32161262,2.578545138,6.505429571,0.269852564,-0.005617624
114.8941654,7207.74318,7.131019915,-5.459822451,2.118908482,47.82170603,1.266948798,-0.036701262,10.60427442,-13.32161262,2.580291023,6.505429571,0.269852564,-0.005617624
114.9168936,7153.278707,7.418394902,-5.365517084,2.11899698,47.81749578,1.268529471,-0.035150736,12.32406367,-13.75552032,2.56577715,6.075045306,0.209167023,-0.003495912
114.9398169,7135.690409,7.190746842,-5.388525863,2.1174381,47.81454298,1.249216352,-0.035766633,11.79531501,-13.75132914,2.59465208,6.409848506,0.175200839,-0.002503077
114.9574907,7114.382368,7.188235738,-5.392009629,2.116090663,47.81270222,1.255646161,-0.035728376,12.25772738,-13.74993238,2.578801821,6.080899137,0.17411054,-0.002480946
114.9680275,7049.250389,7.418394902,-5.365517084,2.11899698,47.81773179,1.268529471,-0.035150844,12.32406367,-13.80575781,2.587691694,6.07006279,0.211422799,-0.003495912
114.9976223,7005.99652,7.096555651,-5.361460686,2.117488368,47.81070563,1.261573712,-0.035573313,12.24801783,-13.77266386,2.588914567,6.078394845,0.208077136,-0.003673215
115.0197912,6937.662584,7.195973884,-5.363197165,2.116931748,47.81198532,1.277940576,-0.035132425,11.94432056,-13.80021079,2.588243944,6.460411098,0.201028815,-0.002968359
115.0376154,6893.305951,7.195973884,-5.363197165,2.117138548,47.81198532,1.277463346,-0.035115672,11.94432056,-13.79507374,2.587847517,6.460445428,0.201028815,-0.002968359
115.0597984,6851.940706,7.190218369,-5.361892407,2.119137566,47.79730685,1.25464324,-0.035573298,12.29597988,-13.77266179,2.588244189,6.062094921,0.208090325,-0.003533842
115.0709797,6805.105193,7.078642625,-5.460538352,2.119016454,47.8115786,1.255570285,-0.035077532,10.38156898,-12.89357181,2.498369591,6.276184086,0.343395805,-0.007913022
115.0970214,6758.19248,7.075151067,-5.352849077,2.117488368,47.81060589,1.292205137,-0.035586499,12.33451528,-13.78646864,2.589027184,6.078367499,0.207897143,-0.003534599
115.1195839,6714.987037,7.075151067,-5.353933136,2.117488368,47.81060589,1.274607006,-0.035892305,12.32737022,-13.77889169,2.589027184,6.078367499,0.207897143,-0.003534599
115.1340164,6679.569203,7.191336264,-5.390882346,2.119145779,47.79636642,1.262263737,-0.035730477,12.32406367,-13.77266386,2.58828134,6.069952832,0.208098843,-0.003218912
115.1592352,6614.559722,7.075151067,-5.353933136,2.117488368,47.81060589,1.274184153,-0.035442021,12.33423933,-13.77266386,2.589027184,6.078367499,0.207897143,-0.003534599
115.1711214,6581.219079,7.101663705,-5.455819148,2.117423146,47.85375194,1.247994427,-0.035818434,11.41572992,-13.41537513,2.562222429,6.321430572,0.180124162,-0.003664137
115.1950603,6533.753406,7.12515243,-5.387074164,2.112108452,47.82369462,1.257145639,-0.035521215,12.3325233,-13.79472897,2.603120692,6.055980785,0.210252055,-0.003510783
115.21679,6437.665973,7.101843417,-5.448128401,2.117542791,47.80426629,1.247994427,-0.035817677,11.40636999,-13.41537513,2.560045562,6.328447908,0.207937079,-0.003664137
115.2368511,6404.401181,7.078606498,-5.455548836,2.115233006,47.85375194,1.251742772,-0.035818434,11.39803824,-13.41537513,2.562222429,6.328447908,0.209068703,-0.003664137
115.2582246,6397.37961,7.075573838,-5.353849217,2.116071437,47.81214195,1.290462999,-0.038845878,12.46034828,-13.77243245,2.580269615,6.077627856,0.207897005,-0.003474898
115.2793521,6343.997253,7.193889492,-5.388009258,2.121439224,47.72835294,1.256904958,-0.035132561,12.36348686,-13.71319859,2.575207703,6.077189745,0.206123441,-0.003681204
115.2863132,6298.12923,7.101843417,-5.455416572,2.117542791,47.85375194,1.247994427,-0.035812908,11.40636999,-13.40191028,2.560045562,6.32803558,0.207937079,-0.003664137
115.314965,6227.241337,7.078606498,-5.455548836,2.114950465,47.85375194,1.25148881,-0.035190755,11.39803824,-13.41537513,2.562222429,6.363390192,0.214221317,-0.003693838
115.3372904,6200.252585,7.057988812,-5.455810891,2.117536841,47.82206545,1.248149275,-0.035044141,11.48514641,-13.41537513,2.562222429,6.321430572,0.179425294,-0.003049408
115.3530403,6178.018193,7.20003078,-5.388009258,2.117405821,47.72209838,1.255498939,-0.035376071,12.36348686,-13.79820427,2.582194697,6.291853524,0.208523981,-0.003672675
115.379725,6093.650654,7.06108075,-5.461712409,2.11750139,47.85221591,1.268091995,-0.036772106,11.52669797,-13.41537513,2.562231356,6.321430572,0.172687395,-0.003028921
115.3870265,6081.010269,7.069447554,-5.448499707,2.115072339,47.8225391,1.273134354,-0.035713113,11.81952006,-13.15638902,2.486354657,5.955964822,0.15438729,-0.003249826
115.4184189,6028.747838,7.075137268,-5.453120056,2.117568659,47.86588781,1.294566517,-0.035113308,11.90914268,-13.69544003,2.579425782,6.525432949,0.21432968,-0.003769024
115.4332498,5991.313698,7.09759864,-5.386663644,2.116871283,47.72557904,1.250730692,-0.035555529,12.38552849,-13.83489093,2.599051459,6.293138191,0.210469001,-0.003809185
115.4594005,5925.57551,7.09766347,-5.460970197,2.119049933,47.81243488,1.252775695,-0.035358116,11.7568033,-13.34484062,2.514814837,6.303223554,0.182060233,-0.003470405
115.4719431,5879.927122,7.091692723,-5.451814499,2.117568659,47.86065645,1.296181168,-0.035098793,11.93916406,-13.69544003,2.579425782,6.525432949,0.21432968,-0.00365565
115.4972238,5851.671289,7.068358693,-5.441446049,2.11908059,47.82488275,1.265085766,-0.035363701,12.14755804,-13.75753928,2.588581501,6.436372761,0.208478375,-0.003737472
115.5101925,5801.377775,7.097346405,-5.453459061,2.116973607,47.81171513,1.265671632,-0.035360545,12.1059357,-13.34299091,2.517863422,5.954687129,0.180760285,-0.003465478
115.5338151,5763.803717,7.079778331,-5.439797153,2.117690533,47.81059112,1.238394728,-0.036187414,12.37134721,-13.77199084,2.588487705,6.291205887,0.208710099,-0.004083302
115.5457308,5694.040583,7.073603922,-5.454526655,2.117027983,47.77483373,1.248675721,-0.035719911,11.78245473,-13.14659975,2.48457983,6.074421719,0.153393561,-0.003189514
115.5772582,5628.39954,7.102393338,-5.44835007,2.117027983,47.82237873,1.248564675,-0.035707166,11.78245473,-13.14858853,2.487143917,6.074421719,0.153393561,-0.003189514
115.5998005,5571.459342,7.069447554,-5.44856232,2.115439967,47.8225391,1.273332857,-0.035718202,11.81952006,-13.15651316,2.486354657,6.079916908,0.154793995,-0.003249826
115.6150759,5541.595302,7.069447554,-5.448499707,2.115036786,47.82198567,1.273080759,-0.035718202,11.82983831,-13.15638902,2.486354657,6.078760499,0.15438729,-0.003249826
115.6385131,5510.344066,7.097346405,-5.452959929,2.116973607,47.81171513,1.255008727,-0.035360545,12.18698326,-13.34484062,2.517863422,5.952774298,0.180592328,-0.003465478
115.6581872,5460.167038,7.09766347,-5.460411919,2.119051815,47.81250389,1.254852895,-0.035559924,11.75719953,-13.34484062,2.51547903,6.413046206,0.181609749,-0.003450282
115.6754923,5400.390267,7.103801543,-5.461012379,2.116157749,47.81273298,1.253036579,-0.036254246,11.79704495,-13.31677541,2.514171164,6.3030505,0.180621144,-0.003005758
115.6983549,5370.438262,7.097872799,-5.460587154,2.119038747,47.81249493,1.254852895,-0.035024284,11.75719953,-13.33816242,2.51547903,6.404507958,0.181609749,-0.003128905
115.7089228,5332.170221,7.092616939,-5.448499707,2.115036499,47.82198567,1.257389071,-0.035718202,11.82983831,-13.15648285,2.486354657,6.079214109,0.180892746,-0.003249826
115.7321497,5290.397216,7.09766347,-5.45193237,2.114935253,47.82209586,1.25822281,-0.036193013,11.74520375,-13.34477886,2.515361038,6.456519744,0.179810344,-0.003058969
115.7557928,5261.43054,7.097741129,-5.461419206,2.117305757,47.82258618,1.254468275,-0.035120707,11.74661327,-13.34662419,2.515361038,6.463071489,0.180774558,-0.002934167
115.7793114,5216.602743,7.097741129,-5.461481632,2.117452219,47.82208278,1.254328485,-0.035120707,11.75128741,-13.34477886,2.515361038,6.463071489,0.182527621,-0.002939377
115.7922268,5205.990163,7.096300125,-5.460970197,2.119049933,47.68971331,1.229156627,-0.035511715,11.7568033,-13.34484062,2.515283666,6.489528208,0.181609749,-0.003470405
115.8053298,5165.034868,7.099068108,-5.461191055,2.116117416,47.81277413,1.248039382,-0.03624885,12.14101054,-13.4898007,2.527035933,6.419195564,0.1805734,-0.003509907
115.8323582,5082.522852,7.104778559,-5.452152276,2.117276791,47.81677846,1.276682567,-0.035135631,11.6223211,-13.16569071,2.482430078,6.403568348,0.180235388,-0.003050647
115.8565643,5029.136271,7.100524273,-5.447346294,2.115693222,47.73935183,1.251182171,-0.035071467,11.71884487,-13.19448864,2.500901703,6.271749318,0.176650828,-0.003085891
115.8764573,4997.866033,7.100524273,-5.447075646,2.116052193,47.73935183,1.251182171,-0.035071467,11.71884487,-13.19448864,2.500901703,6.270790653,0.180295857,-0.003075086
115.8983908,4977.447431,7.194260368,-5.459905171,2.116129945,47.81467195,1.268623541,-0.036283681,12.2159906,-13.34762961,2.485270101,6.343611818,0.158696153,-0.002949897
115.9098919,4947.593366,7.097336981,-5.458941583,2.117071928,47.86648726,1.296451854,-0.035183087,12.39323407,-13.44133067,2.493681276,6.321213322,0.180624508,-0.00292309
115.9391326,4908.48032,7.200755638,-5.460042923,2.114867975,47.81467195,1.254937426,-0.035232175,12.23061924,-13.34762961,2.484975155,6.343611818,0.18031092,-0.003713983
115.9526141,4879.966214,7.100866769,-5.46178194,2.118994629,47.81269477,1.252278663,-0.035570774,12.14736723,-13.4898007,2.529511525,6.440996259,0.205492952,-0.003807757
115.9751402,4788.654523,7.200755638,-5.460042923,2.11481733,47.82302309,1.269200046,-0.035232175,12.2283621,-13.34762961,2.484975155,6.343611818,0.18031092,-0.002993972
115.9969304,4778.333425,7.200755638,-5.453086586,2.114851622,47.81486236,1.254937426,-0.035232175,12.229121,-13.34762961,2.484975155,6.343328439,0.18031092,-0.002918974
116.0160261,4707.453379,7.09646703,-5.460042923,2.116080597,47.81407319,1.258289443,-0.036254246,12.27947514,-13.34762961,2.485510535,6.343611818,0.180354276,-0.003713983
116.0381686,4684.696034,7.100404565,-5.447624227,2.115802196,47.81072299,1.251182171,-0.03507719,11.75235279,-13.19448864,2.502293591,6.32312221,0.176650828,-0.003085891
116.0471269,4637.310232,7.100982521,-5.45618544,2.115374584,47.82248401,1.250772105,-0.036222778,12.39928842,-13.42871182,2.498384415,6.33183312,0.180472534,-0.003085537
116.0613986,4608.261124,7.09646703,-5.460042923,2.116100596,47.81691282,1.257673942,-0.035673119,12.27947514,-13.34762961,2.485510535,6.341038171,0.180354276,-0.00312277
116.0960858,4564.92356,7.076519469,-5.446384188,2.117164321,47.8049989,1.267238441,-0.036208564,12.22572504,-13.35872515,2.499012476,6.333623496,0.180472534,-0.0029513
116.1179124,4527.068319,7.105758337,-5.452757233,2.116100596,47.82204206,1.257673942,-0.035663691,12.17108106,-13.34762961,2.502996259,6.341038171,0.180354276,-0.002944772
116.1242349,4475.858747,7.097619693,-5.460042923,2.116100596,47.81691282,1.257693082,-0.035576182,12.27947514,-13.33345772,2.485510535,6.341048513,0.180354276,-0.00312277
116.1505657,4442.070726,7.09646703,-5.460707422,2.117252785,47.81407319,1.257273415,-0.035099394,12.27947514,-13.34762961,2.484983384,6.420688613,0.180354276,-0.003701546
116.166037,4428.274321,7.100982521,-5.462950127,2.115377486,47.82221918,1.259294798,-0.03622736,12.39928842,-13.40641001,2.499218671,6.332242199,0.180472534,-0.003085537
116.1934953,4398.804225,7.100454514,-5.455445789,2.115671747,47.80507326,1.251182171,-0.035198477,11.80916368,-13.16357355,2.502671611,6.271105356,0.175645834,-0.003085891
116.213005,4332.69473,7.09680797,-5.4566863,2.11607309,47.81407319,1.248668834,-0.036215842,12.27947514,-13.36883324,2.499988073,6.4039102,0.179586632,-0.003713983
116.2346773,4305.826094,7.099060074,-5.461191055,2.116822895,47.81277413,1.248518152,-0.036242465,12.38549711,-13.4898007,2.527035933,6.419195564,0.180382933,-0.003509907
116.2566583,4270.115194,7.100524273,-5.449665446,2.115403374,47.82226907,1.266026023,-0.035074205,11.74649727,-13.16625516,2.500901703,6.401136764,0.16969218,-0.003085891
116.2757093,4211.816503,7.047677469,-5.461707789,2.117560214,47.82269634,1.26683127,-0.036248545,12.23079913,-13.34478671,2.499259358,6.417715497,0.180439267,-0.003522581
116.2894756,4196.94765,7.104778559,-5.452152276,2.117276791,47.81680192,1.276682567,-0.035135631,11.6223211,-13.16569071,2.482430078,6.681254118,0.160829409,-0.002775656
116.3094372,4182.526699,7.132821017,-5.461467398,2.11621959,47.82287915,1.259294798,-0.036220009,12.39928842,-13.41897294,2.51763828,6.332242199,0.180472534,-0.003701023
116.3304415,4142.972468,7.100982521,-5.461467398,2.11736732,47.82220692,1.259294798,-0.03622736,12.39928842,-13.41897294,2.519671694,6.332242199,0.180472534,-0.003722806
116.3597836,4085.326522,7.0972389,-5.452774425,2.114838224,47.81243488,1.27626558,-0.036197425,11.77123302,-13.15295716,2.514814837,6.303223554,0.177454957,-0.003467518
116.3760331,4053.774386,7.09765475,-5.45193237,2.116445614,47.81243533,1.25822281,-0.035572571,12.15411882,-13.33151919,2.515361038,6.408241098,0.180443842,-0.003808218
116.3971656,4002.691801,7.100457174,-5.453360592,2.116242971,47.80959896,1.25809986,-0.036248869,12.14317917,-13.34736099,2.523359118,6.397285044,0.18229336,-0.003586021
116.4184043,3967.834534,7.129657282,-5.461821456,2.117164321,47.81273495,1.258215602,-0.036254246,12.22572504,-13.34762961,2.523359118,6.333303757,0.180472534,-0.003670601
116.4335617,3930.765516,7.094943793,-5.463337557,2.116689972,47.87263273,1.268623541,-0.036283681,12.2159906,-13.34762961,2.479862689,6.684693852,0.158696153,-0.002958967
116.4596927,3880.505335,7.071150752,-5.453477366,2.116157749,47.8287458,1.2576855,-0.036254246,12.25346811,-13.34762961,2.523359118,6.332206376,0.180472534,-0.00367636
116.4778587,3855.091526,7.132997663,-5.460369448,2.116157749,47.81273495,1.258215602,-0.036254246,12.2481671,-13.34762961,2.523468423,6.343611818,0.180354276,-0.003670601
116.4958268,3821.331645,7.103801543,-5.450254094,2.116157749,47.81273495,1.258174341,-0.036254246,12.2481671,-13.33951205,2.523359118,6.333303757,0.180472534,-0.003670601
116.5196558,3790.60204,7.092523425,-5.461573241,2.114984292,47.82432399,1.296480355,-0.035855678,12.2506663,-13.43107697,2.523359118,6.583318915,0.180472534,-0.003670601
116.5312713,3748.491225,7.104961671,-5.460993572,2.116157749,47.81273495,1.255829187,-0.036254246,12.25043596,-13.33742875,2.523468423,6.343582748,0.181623768,-0.003671559
116.5536356,3711.611528,7.097867912,-5.455935511,2.115527421,47.82243269,1.283407808,-0.035130733,11.75489874,-13.10742165,2.500901703,6.401136764,0.168540173,-0.003088452
116.5756107,3664.968007,7.098410809,-5.461707789,2.117172949,47.81273495,1.248614985,-0.036248545,12.23079913,-13.34478671,2.521607211,6.417715497,0.180439267,-0.00352384
116.5897275,3622.450903,7.096750753,-5.460042923,2.11607309,47.81404318,1.257467491,-0.036215842,12.2265272,-13.36883324,2.496650098,6.693532105,0.179093762,-0.0038092
116.6184818,3585.981411,7.100586755,-5.447220822,2.117767924,47.81174658,1.252277963,-0.035135673,11.754348,-13.11135362,2.501921838,6.458333652,0.158859777,-0.002962063
116.633692,3548.170729,7.098929593,-5.452765555,2.11505363,47.82308343,1.273013896,-0.035570147,12.28040791,-13.41054178,2.484865099,6.844388817,0.181574991,-0.003652287
116.6498513,3543.323051,7.100732026,-5.447220822,2.117292088,47.82260558,1.248026947,-0.035079913,11.74356776,-13.11135362,2.504555515,6.458333652,0.161684754,-0.002962688
116.6722125,3471.574543,7.10484388,-5.45215027,2.11778818,47.73379484,1.290567111,-0.036251491,12.01455611,-13.14870086,2.484912157,6.458974583,0.159324711,-0.00307515
116.6939878,3456.481136,7.132821017,-5.464875569,2.114696816,47.81273495,1.258215602,-0.036267114,12.2481671,-13.42769814,2.523359118,6.677046906,0.180472534,-0.00371958
116.7139854,3426.873035,7.096657903,-5.459998966,2.114852074,47.81455552,1.257468479,-0.035082241,12.22486293,-13.36883324,2.505014535,6.693532105,0.179093762,-0.003797033
116.7329563,3370.297428,7.096657903,-5.460042923,2.11607379,47.81407319,1.257467491,-0.036215842,12.27947514,-13.36883324,2.499958864,6.689708049,0.180359033,-0.003713983
116.7432038,3352.732745,7.096657903,-5.460042923,2.11607309,47.81407319,1.257467491,-0.036215842,12.27947514,-13.36883324,2.499988073,6.69752567,0.179093762,-0.003713983
116.7769632,3311.634041,7.12259986,-5.461820906,2.11621959,47.80181447,1.255387237,-0.036191026,12.64318502,-13.42212902,2.521280317,6.332242199,0.180426921,-0.003707056
116.7809421,3288.295753,7.076433977,-5.45598396,2.117181642,47.85439538,1.271783863,-0.035832949,12.2279822,-13.16810126,2.488038607,6.323834277,0.180124162,-0.003769818
116.8150902,3247.261494,7.078771179,-5.449680048,2.117223952,47.82227615,1.257271979,-0.035074205,11.74649727,-13.16714363,2.50065483,6.71527603,0.16969218,-0.003085891
116.8299011,3207.074305,7.09646703,-5.460042923,2.11607309,47.81407319,1.257467491,-0.036254246,12.27947514,-13.35305638,2.499988073,6.69752567,0.182382201,-0.003713983
116.8591609,3170.249555,7.078771179,-5.449619748,2.117920535,47.82227615,1.257271979,-0.035074205,11.74649727,-13.16714363,2.504198496,6.71527603,0.169535216,-0.003085891
116.8745148,3142.759938,7.099484653,-5.460042923,2.11607309,47.82259594,1.257467491,-0.036254246,12.2728556,-13.35305638,2.503760362,6.69752567,0.18257368,-0.003732052
116.8975217,3127.2857,7.075000925,-5.467463192,2.114999003,47.81218589,1.265934987,-0.035080431,12.27689246,-13.16650194,2.489405593,6.333692116,0.167126974,-0.003720668
116.918304,3046.710254,7.090633208,-5.456165932,2.11828573,47.8050104,1.25440302,-0.036188766,12.02259604,-13.10795041,2.505319328,6.333560225,0.159202965,-0.003199172
116.9448294,3039.828145,7.076439457,-5.460958277,2.117164321,47.81273495,1.258164795,-0.036255692,12.22572504,-13.3476245,2.521607211,6.637063696,0.180472551,-0.003673249
116.9781765,2958.851598,7.094801033,-5.461335865,2.114906116,47.82209569,1.284020898,-0.03620893,12.27612442,-13.163531,2.483060078,6.419178959,0.16894027,-0.003535941
116.995105,2924.490275,7.090633208,-5.456165932,2.11828573,47.81049441,1.254217058,-0.035373202,12.02259604,-13.10066458,2.505319328,6.356297933,0.159202965,-0.003199172
117.0044144,2907.027271,7.068834821,-5.451913134,2.114851067,47.8219063,1.273080759,-0.035718202,11.83368753,-12.88993281,2.506084017,5.993411576,0.15438729,-0.003250175
117.0385293,2880.417746,7.10038545,-5.447147198,2.114999824,47.82239169,1.283722534,-0.03510133,12.2256169,-13.17103188,2.491360652,6.465823229,0.167713065,-0.003749538
117.0512783,2829.110794,7.103388187,-5.452120795,2.115402082,47.80925688,1.265070826,-0.035187718,11.68253942,-12.92227844,2.499086487,6.302833092,0.172840055,-0.003850251
117.0761988,2785.810294,7.100679976,-5.461771299,2.117682511,47.8542404,1.252610625,-0.035118885,11.67350429,-12.90813338,2.503010466,6.261954035,0.168197198,-0.003759637
117.0894791,2781.450616,7.090633208,-5.460890416,2.11828573,47.81049441,1.254217058,-0.035361939,12.04301457,-13.10066458,2.509214488,6.356297933,0.159202965,-0.003199527
117.1191033,2743.488659,7.104150155,-5.461322146,2.117282556,47.81311564,1.266750303,-0.035080692,11.76685459,-12.9132472,2.503937309,6.22645291,0.133512511,-0.003010491
117.1399659,2726.379729,7.094476506,-5.461454485,2.117696115,47.85161747,1.258572339,-0.035388661,11.77762456,-13.1501516,2.57248364,6.316138585,0.169529674,-0.003840766
117.158232,2692.355085,7.10457625,-5.461698026,2.117376759,47.82399368,1.265801077,-0.035059814,12.10605173,-13.10193483,2.564859187,5.941198919,0.139279164,-0.002959697
117.1787619,2621.951201,7.076366148,-5.453774754,2.126056893,47.82239169,1.286078359,-0.03542391,11.71215341,-12.88728354,2.498936533,6.25626346,0.135354932,-0.002615478
117.1923078,2586.995329,7.103388187,-5.452120795,2.115402082,47.80925688,1.265155065,-0.035940992,11.75595746,-12.92227844,2.499086487,6.30334912,0.172840055,-0.003851479
117.212941,2525.357327,7.069010096,-5.448939531,2.115450937,47.82195401,1.260683558,-0.035717124,11.83111024,-12.88993281,2.486354657,6.263219967,0.15438729,-0.003250175
117.2393936,2488.415568,7.068834821,-5.448939531,2.115036786,47.82195401,1.273080759,-0.035718202,11.83111024,-12.88993281,2.486354657,6.274650405,0.15438729,-0.003250175
117.2749401,2438.889959,7.096556344,-5.444750179,2.115403374,47.81388285,1.266674579,-0.035074205,11.64310753,-12.90531411,2.499305406,6.416350335,0.168284686,-0.003713157
117.2888727,2417.090202,7.096556344,-5.461078657,2.118548828,47.81388285,1.272991088,-0.035374792,11.64310753,-12.90114159,2.498883222,6.417354444,0.168284686,-0.003713157
117.3101541,2372.774304,7.099573967,-5.444750179,2.117677418,47.82231387,1.259467678,-0.035074205,11.63648799,-12.90531411,2.502906209,6.416350335,0.168476165,-0.003731226
117.3342226,2328.439259,7.104853851,-5.396931569,2.117316453,47.81193024,1.255667326,-0.03507997,11.96688548,-12.87833047,2.502635744,6.045414549,0.140623978,-0.002938269
117.3533076,2312.431029,7.070815736,-5.452511786,2.114684198,47.82172717,1.25119001,-0.035266279,11.75982067,-12.86922256,2.504241815,6.237916947,0.13608211,-0.002946194
117.3795083,2272.42511,7.100679976,-5.461771299,2.118105657,47.8542404,1.269050015,-0.035118885,11.67974043,-12.90847506,2.503842415,6.409385458,0.168197198,-0.003743159
117.3885518,2240.816927,7.068818386,-5.453774754,2.115505256,47.82239169,1.283722534,-0.035077532,11.71215341,-12.88728354,2.517917987,6.247054995,0.135444052,-0.002911276
117.4150826,2177.132384,7.070805406,-5.453181987,2.115311976,47.82234633,1.254101874,-0.035093963,11.81262856,-12.87392182,2.504241815,6.237916947,0.136096337,-0.003029136
117.4390051,2157.896466,7.075100386,-5.396014137,2.117009365,47.81484159,1.259467687,-0.035090993,11.95862264,-12.90188535,2.521374728,6.045268365,0.133159434,-0.002937856
117.4538277,2141.747975,7.104272629,-5.46135992,2.117433917,47.82432361,1.25484322,-0.03502976,12.11727472,-13.10651132,2.522819351,6.423801795,0.139050118,-0.002997699
117.4731751,2085.543613,7.075100386,-5.396014137,2.115342435,47.81222208,1.266674589,-0.035090993,11.95862264,-12.89985142,2.521546213,6.04377949,0.140483277,-0.002949282
117.4984847,2064.741982,7.070805406,-5.452511786,2.117738816,47.82360985,1.266884861,-0.035280466,11.75982067,-13.07343624,2.55814543,6.455975335,0.136075493,-0.002945773
117.5150064,2033.048896,7.100679976,-5.461771299,2.118105657,47.8542404,1.269134254,-0.035872158,11.75315847,-12.90847506,2.503842415,6.409901486,0.168197198,-0.003744388
117.5212258,2005.564727,7.100524273,-5.447121776,2.115403374,47.80283572,1.2690649,-0.035074205,11.7545443,-12.88142635,2.500901703,6.403236311,0.13236382,-0.003085891
117.5556843,1945.666576,7.101286432,-5.455966901,2.114827244,47.82215447,1.284514765,-0.035034556,11.74200701,-12.85416441,2.502055124,6.350708229,0.132324358,-0.003084628
117.5792782,1902.003101,7.07541689,-5.380569013,2.121181597,47.81785366,1.24562997,-0.035041748,11.94706926,-12.88541596,2.521374728,6.074191656,0.138001132,-0.002925773
117.5967955,1890.172232,7.071359867,-5.452511786,2.117738816,47.82360985,1.265784736,-0.035280466,11.75982067,-13.07409441,2.564764706,6.455975335,0.139490757,-0.002945773
117.6197181,1817.507276,7.07541689,-5.454105012,2.115627226,47.81785366,1.254380548,-0.035041748,11.94706926,-12.87980219,2.524208535,6.074191656,0.137895444,-0.00295087
117.6435932,1786.121919,7.104301516,-5.452264792,2.114851947,47.82309879,1.252785761,-0.035060669,12.16858941,-12.87388648,2.505399946,5.99714742,0.132426528,-0.002938102
117.6786024,1735.393629,7.104301516,-5.452264792,2.114851947,47.82309879,1.252785761,-0.035060669,12.16858941,-12.87388648,2.505399946,6.016513674,0.132426528,-0.002938102
117.6919434,1712.052706,7.068818386,-5.454109237,2.115505256,47.82332642,1.283722534,-0.035142469,11.71183042,-12.9045148,2.517917987,6.459094988,0.135444052,-0.002911276
117.7177619,1690.648069,7.128816659,-5.460536865,2.11742713,47.80368166,1.267923813,-0.035149635,11.90323639,-13.09911124,2.579773446,6.337345429,0.13784313,-0.003020795
117.7371601,1637.922899,7.104150155,-5.461320942,2.117284593,47.8248675,1.266750303,-0.035080692,12.11169021,-12.9132472,2.503937309,6.22645291,0.132434341,-0.003010491
117.7521556,1612.594893,7.081562623,-5.461950986,2.11765468,47.82090963,1.283027266,-0.035444019,12.11052084,-12.85400665,2.503659288,6.079618523,0.13268757,-0.00304254
117.7709007,1588.118748,7.104136762,-5.460808063,2.117269381,47.82441371,1.267037438,-0.035107033,11.91167861,-12.91543898,2.503939522,6.43666163,0.139269672,-0.003010491
117.7997553,1554.14263,7.105456373,-5.453388646,2.114896224,47.82008948,1.25217538,-0.035544829,12.16993283,-12.91728216,2.499440915,6.240152704,0.132266458,-0.002938102
117.813429,1522.727272,7.079530844,-5.453774754,2.118868172,47.82437487,1.269027148,-0.035083051,12.23361952,-12.88243464,2.480746538,6.23660735,0.138037719,-0.003181821
117.839868,1514.791171,7.100906263,-5.460938048,2.117253666,47.8173868,1.283779594,-0.035096584,12.13960699,-13.10626092,2.564210579,6.313535442,0.131838131,-0.003050678
117.8559465,1445.913423,7.081562623,-5.460101286,2.117849138,47.82259593,1.283049199,-0.035444019,12.21512767,-12.87243688,2.503659288,6.079618523,0.134052214,-0.003051489
117.8769693,1428.382593,7.104301516,-5.449291189,2.115037666,47.8231465,1.252785761,-0.035060669,12.16601212,-12.87388648,2.485670586,6.278386249,0.132426528,-0.002938102
117.8888418,1409.037136,7.097423796,-5.452069934,2.117276791,47.81701796,1.276682567,-0.035135631,11.6223211,-12.83623001,2.490364317,6.681236543,0.131382422,-0.002775656
117.9117533,1366.059501,7.07541689,-5.460619144,2.119119486,47.82198995,1.283040299,-0.035933697,12.21498093,-12.89119899,2.515267213,6.074191656,0.137895444,-0.003214986
117.9347262,1340.45241,7.073730844,-5.453138384,2.117815195,47.82365098,1.26746161,-0.035146711,12.04839397,-12.92788944,2.501040286,6.455926403,0.134303484,-0.003011029
117.9592541,1317.994746,7.097885085,-5.455649895,2.117465,47.81468928,1.287994327,-0.035128019,12.2104289,-12.89119899,2.517706967,6.083442887,0.138222537,-0.0032453
117.9681337,1294.475961,7.101343093,-5.460619144,2.119123104,47.8221508,1.28605188,-0.035435024,12.23875748,-12.89119899,2.515267213,6.077331207,0.137744675,-0.003198411
117.9901704,1257.50053,7.079368434,-5.453115932,2.117924902,47.81274003,1.269367807,-0.035129239,12.06575104,-12.92889031,2.503862993,6.45643874,0.131726153,-0.003052465
118.0192631,1232.130179,7.105555528,-5.387633564,2.114845617,47.82341254,1.252792907,-0.035057208,12.16993283,-12.87388648,2.499440915,6.24287677,0.13225385,-0.002938102
118.0379413,1191.042802,7.105555528,-5.453002273,2.114851947,47.82215447,1.252189238,-0.035079344,12.16993283,-12.87388648,2.502055124,6.239821347,0.13225385,-0.002938102
118.0586931,1164.571488,7.100506297,-5.44711049,2.116942562,47.81204191,1.266124552,-0.035135362,12.29152502,-12.90464686,2.499451055,6.238410479,0.126618196,-0.002936208
118.0735443,1137.334196,7.104853851,-5.455180732,2.114984112,47.81726411,1.259569054,-0.035016509,12.1390313,-12.88258709,2.501054005,6.32410749,0.131290796,-0.002936215
118.0958512,1106.010797,7.082751442,-5.453103049,2.117924902,47.82701129,1.254771723,-0.035129239,12.06575104,-12.88397894,2.49574813,6.457222903,0.131756082,-0.003052465
118.1146125,1091.374072,7.104150155,-5.461320942,2.117284593,47.82488473,1.266750303,-0.035110335,12.10701678,-12.9132472,2.503862993,6.438384454,0.132181309,-0.003010491
118.137798,1062.003829,7.104853851,-5.455180732,2.117316453,47.81725507,1.255667326,-0.03507997,12.14548537,-12.87833047,2.502635744,6.32410749,0.133313149,-0.002938269
118.152806,1046.054077,7.105301253,-5.455299953,2.117282503,47.81725507,1.255226906,-0.03507997,12.14972573,-12.87775977,2.502808914,6.32410749,0.133335691,-0.002945914
118.1721966,1032.6057,7.081562623,-5.453076511,2.117912021,47.82257779,1.283499421,-0.035444019,12.20660359,-12.86952446,2.503542082,6.25489786,0.13387627,-0.003051489
118.1982707,994.2449827,7.105555528,-5.455180732,2.114851947,47.82211709,1.252189238,-0.035031407,12.17191354,-12.87388648,2.502055124,6.32410749,0.133401507,-0.002938102
118.2173585,972.5549528,7.1055367,-5.455180732,2.117282503,47.81725507,1.255667326,-0.03507997,12.17400418,-12.87358864,2.502755904,6.32410749,0.133335691,-0.002938269
118.239831,944.1795271,7.1055367,-5.455208064,2.117282503,47.81725507,1.25546083,-0.035135624,12.17375611,-12.87358864,2.504575329,6.32410749,0.133335691,-0.002938269
118.258758,936.1464208,7.101290625,-5.456336102,2.114851947,47.82215447,1.283984687,-0.035034806,12.17571661,-12.87388648,2.502055124,6.350708229,0.13234363,-0.002938102
118.2708302,907.6263629,7.047622348,-5.453382065,2.117505565,47.82279714,1.255684889,-0.035153557,12.22140885,-12.91652991,2.498882391,6.456438606,0.133962308,-0.003011521
118.2864444,895.0192211,7.036752844,-5.448176004,2.117187236,47.82279714,1.254460977,-0.035153557,12.22140885,-12.91652991,2.498882391,6.456438606,0.133962308,-0.002854948
118.3102561,879.6512295,7.105918429,-5.453774754,2.117666516,47.81233731,1.267284837,-0.035078344,12.41539284,-12.91662305,2.502360887,6.261889462,0.132288179,-0.003128102
118.3215108,875.3464933,7.076562911,-5.456336102,2.114851947,47.8219845,1.284105935,-0.035135557,12.21050841,-12.87430874,2.502055124,6.350708229,0.13234363,-0.002932404
118.3527574,822.5821941,7.105407216,-5.453118742,2.115108324,47.82100959,1.254558979,-0.035092098,12.41387974,-12.90416792,2.502724095,6.251814879,0.129786206,-0.002940879
118.3766989,819.580506,7.070269381,-5.456576972,2.117326097,47.82272565,1.283610594,-0.035173185,12.40890879,-12.87379117,2.52032603,6.054994079,0.128576837,-0.0029108
118.3987255,779.8570147,7.097721521,-5.453002273,2.116435915,47.81269482,1.254663044,-0.035059497,12.17315194,-12.88044338,2.501956016,6.45644322,0.132499761,-0.002938102
118.4180936,763.6215248,7.105555528,-5.453002273,2.120537247,47.80086111,1.252189238,-0.035108987,12.1652594,-12.87388648,2.501980808,6.454604457,0.132172638,-0.002962274
118.4330739,743.3791832,7.071986522,-5.453002273,2.116996735,47.82195081,1.254663044,-0.035059497,12.16993283,-12.87388648,2.502055124,6.461340028,0.13234363,-0.002938102
118.4566976,734.036055,7.104373048,-5.460271299,2.115745132,47.81632412,1.250262212,-0.035484347,12.42129905,-12.87379117,2.498373962,6.257497921,0.127405184,-0.003049858
118.4778028,700.9415366,7.131070841,-5.465880866,2.116963836,47.82215447,1.251645338,-0.035171968,12.19464869,-12.83918491,2.505312064,6.345121242,0.129769271,-0.002959743
118.4921535,684.7262095,7.07709862,-5.452499649,2.11714581,47.82519853,1.25417728,-0.035115225,12.26844833,-12.91228387,2.508492057,6.452059196,0.131284595,-0.002966227
118.5156592,656.9949438,7.10539143,-5.455132619,2.117758339,47.81183774,1.255780752,-0.035136596,12.41463093,-12.89414082,2.50177017,6.325167169,0.126414997,-0.002937035
118.5249155,654.7143542,7.1055367,-5.455132619,2.117282503,47.82269674,1.255667326,-0.03507997,12.41463093,-12.89414082,2.50177017,6.325167169,0.12877504,-0.002938269
118.553278,642.0858482,7.100506297,-5.447022684,2.116942562,47.81204191,1.266883744,-0.03514268,12.34201798,-12.90531411,2.499451055,6.460421968,0.126618865,-0.002936208
118.5744659,610.5545815,7.100501672,-5.446504491,2.116092915,47.81217043,1.258006655,-0.03514268,12.34201798,-12.90034275,2.499451055,6.460421968,0.127384708,-0.002936208
118.5933597,598.7769034,7.1055367,-5.455178409,2.117282503,47.81691046,1.255667326,-0.035858734,12.14401381,-12.78716396,2.503045914,6.32410749,0.133335691,-0.002938269
118.6196716,561.7751154,7.1055367,-5.455180732,2.117282503,47.82269674,1.255667326,-0.03507997,12.41463093,-12.87358864,2.50177017,6.32410749,0.12877504,-0.002938269
118.6362874,557.409758,7.1055367,-5.453251652,2.117282503,47.81717255,1.255667326,-0.03508492,12.4111031,-12.87358864,2.502755904,6.32410749,0.133337893,-0.003030804
118.641006,540.9296651,7.079368434,-5.450857617,2.115218056,47.82499808,1.26102376,-0.035120553,12.45979418,-12.92889031,2.502184246,6.449668459,0.125576971,-0.003053927
118.6737535,516.1161998,7.100233085,-5.447038362,2.115409481,47.80292442,1.268933019,-0.035073839,12.4047542,-12.88142635,2.500111434,6.403236311,0.129768456,-0.003085891
118.6892666,504.5094322,7.100506391,-5.447251845,2.115734514,47.80292442,1.2690649,-0.035094789,12.41143437,-12.88142635,2.500228778,6.403236311,0.129681802,-0.003085891
118.7110061,486.5104812,7.096701615,-5.467710559,2.119104371,47.81763519,1.284038844,-0.035561423,12.41802507,-12.87900984,2.521472985,6.243386051,0.127499167,-0.003038431
118.7290844,481.1104924,7.0967076,-5.467710559,2.117482832,47.81726398,1.284168288,-0.03515655,12.41802507,-12.87507092,2.521513231,6.238970354,0.127499167,-0.003038431
118.7590341,465.1236753,7.07541689,-5.458271925,2.121179239,47.81785366,1.254123367,-0.035041748,11.94355153,-12.88724802,2.521261106,6.741824182,0.137895444,-0.002953315
118.7691327,445.6216391,7.0967076,-5.46736233,2.117482787,47.81722962,1.257350846,-0.03515655,12.41802507,-12.8736266,2.521513231,6.244770068,0.133679873,-0.003011136
118.7988107,423.3200038,7.125185001,-5.44700798,2.115400616,47.80292442,1.25821292,-0.03507809,12.35751634,-12.88142635,2.515298211,6.399965526,0.130882074,-0.003085891
118.8134592,409.4986494,7.103019054,-5.453098753,2.116117895,47.80128846,1.264893429,-0.035081124,12.41906445,-12.88717832,2.503862993,6.441892116,0.132791119,-0.002997161
118.8384152,391.5180872,7.094943793,-5.463337557,2.116689972,47.87350649,1.268623541,-0.035118693,12.2159906,-12.8380636,2.481540591,6.684693852,0.135162271,-0.002938276
118.8532394,372.9123432,7.072149782,-5.447100731,2.11534371,47.82246633,1.26719549,-0.035142687,12.41625952,-12.867154,2.500015564,6.444158703,0.129653647,-0.002917805
118.8686266,366.7644381,7.073659377,-5.45301793,2.11534371,47.82215447,1.252312108,-0.035142784,12.41681788,-12.867154,2.501650388,6.445325701,0.129769271,-0.003102694
118.8997527,356.1352318,7.077039463,-5.463252512,2.117729661,47.83140666,1.2590987,-0.035077006,12.17024942,-12.92610802,2.577515931,6.282198305,0.140552441,-0.003301347
118.9158735,330.6482274,7.104403051,-5.451720377,2.117836284,47.82465586,1.259021335,-0.034860016,12.43926717,-12.87327929,2.501092047,6.457548788,0.132212375,-0.002923773
118.9398215,304.0173581,7.072149782,-5.445957822,2.11534371,47.82182943,1.260629026,-0.035056164,12.41682306,-12.867154,2.505874752,6.444158703,0.129407248,-0.002917805
118.9581356,289.7230357,7.130815084,-5.466649629,2.116963836,47.82215447,1.252312108,-0.035171968,12.46452804,-12.83918491,2.505312064,6.338082983,0.129769271,-0.002959743
118.9799139,284.2351426,7.076001703,-5.451919838,2.117699484,47.82458452,1.264802788,-0.035127063,12.20569348,-12.91956581,2.578088251,6.277436763,0.132160778,-0.0030525
118.9927568,276.5195392,7.079370816,-5.451906495,2.117836284,47.82472225,1.258678552,-0.034845385,12.03556644,-12.92131027,2.57724527,6.457548788,0.132291469,-0.002923773
119.0173274,256.5837291,7.073317353,-5.45543728,2.117203372,47.82209214,1.287994327,-0.035128019,12.21335291,-12.89119899,2.515827754,6.676206414,0.138222537,-0.003245931
119.0355896,241.7862262,7.079507293,-5.461336167,2.12047948,47.80128846,1.284020764,-0.035120087,12.21971713,-12.87311896,2.503862993,6.721271037,0.132370379,-0.003007451
119.0549558,218.481908,7.07920362,-5.455939892,2.12047948,47.80104015,1.284020764,-0.035120087,12.22869643,-12.87300403,2.503849339,6.721271037,0.132820907,-0.003007451
119.0777978,218.1526201,7.105578949,-5.453138686,2.117699484,47.82594653,1.252299025,-0.035250248,12.83784913,-12.91956581,2.503031154,6.251099287,0.132255994,-0.00305241
119.0939359,205.0751855,7.074218106,-5.45206727,2.117690349,47.79912186,1.247375611,-0.036037585,12.83784913,-12.94105767,2.503521486,6.323795785,0.125023101,-0.003019234
119.117566,174.3986497,7.079530844,-5.453774754,2.119016454,47.82437487,1.253245536,-0.035077532,12.82375831,-12.88331793,2.495496503,6.251653097,0.136370381,-0.003181821
119.135221,163.5043504,7.079530844,-5.452341043,2.119016454,47.82520025,1.253245536,-0.035077532,12.82425731,-12.88235876,2.495496503,6.251653097,0.132333846,-0.002960319
119.15393,154.428212,7.07911622,-5.453774754,2.119016454,47.82437487,1.25315511,-0.035077532,12.82375831,-12.88331793,2.498369591,6.24975528,0.135354932,-0.003181821
119.1989039,131.5567701,7.105555528,-5.460135332,2.114849914,47.82211709,1.252183289,-0.036257404,12.27065379,-12.85094755,2.502058156,6.69654456,0.133401507,-0.002938102
119.215911,122.0006922,7.099940036,-5.4540137,2.114940136,47.82052385,1.283711619,-0.035077532,12.84885904,-12.88331793,2.499398511,6.250508081,0.135178988,-0.003179336
119.2347677,114.2600185,7.099940036,-5.453774754,2.114940136,47.82052385,1.283716604,-0.035077532,12.85664356,-12.88331793,2.499393082,6.25005761,0.135354932,-0.003179336
119.2729227,97.70058277,7.090711486,-5.453774754,2.114940136,47.82239169,1.283722534,-0.035077532,12.88717865,-12.88331793,2.498369591,6.25005761,0.135354932,-0.003181821
119.288623,85.02733651,7.099288666,-5.461096972,2.117561871,47.82249551,1.256981581,-0.035134916,12.84715511,-12.87518585,2.504072234,6.242178867,0.127123814,-0.002938431
119.3133785,71.00889419,7.0975824,-5.455700697,2.116403448,47.82197854,1.257023711,-0.035134916,12.85613441,-12.87507092,2.50405858,6.243345589,0.128928138,-0.002938431
119.3384056,63.77676969,7.098953115,-5.455387825,2.115237523,47.82026557,1.268490738,-0.035075371,12.89723019,-12.87706275,2.501335877,6.242471308,0.127842728,-0.002932605
119.3461372,61.33078779,7.097676046,-5.455387825,2.115237523,47.8204105,1.243202689,-0.035070341,12.89576511,-12.87706275,2.501335877,6.242471308,0.127842728,-0.002933194
119.3744249,54.60300948,7.09879869,-5.453324914,2.117142667,47.81204191,1.28301673,-0.035142777,12.83549814,-12.90752656,2.491459938,6.461588966,0.132973861,-0.002930266
119.3988641,46.97787318,7.105555528,-5.453118742,2.115108324,47.82239169,1.284027073,-0.035092098,12.41681788,-12.87388648,2.567031399,6.251814879,0.129786206,-0.003030012
119.4132199,37.16977561,7.077901098,-5.452416821,2.115530224,47.82519853,1.25417728,-0.035110904,12.81027319,-12.91228387,2.508492057,6.40228527,0.132181309,-0.002966711
119.4330057,29.6729951,7.08167309,-5.461138874,2.117815405,47.7826207,1.266544588,-0.03490933,12.83114967,-12.9191438,2.503062175,6.457548788,0.125631958,-0.00289663
119.4593223,22.49270644,7.1011009,-5.456001484,2.117699484,47.82594653,1.281889242,-0.034993926,12.83784913,-12.91956581,2.503031154,6.46015761,0.132160778,-0.0030525
119.4776534,20.6244707,7.105605842,-5.451767696,2.115082799,47.81348086,1.257440469,-0.035103605,12.41681788,-12.86737919,2.567976754,6.260505774,0.132151541,-0.003007524
119.4975765,14.97437488,7.105031667,-5.453774754,2.117666516,47.81233731,1.267284837,-0.035081206,12.41539284,-12.89764882,2.579880999,6.263247481,0.132326439,-0.002935666
119.5055631,10.63377989,7.07709862,-5.452416821,2.117677956,47.82519853,1.25417728,-0.035110335,12.81027319,-12.91228387,2.508492057,6.452059196,0.132181309,-0.002966711
119.5303832,7.03532337,7.105434821,-5.452964741,2.115037718,47.82239169,1.282304761,-0.035947772,12.40877664,-12.88728354,2.579727927,6.254621363,0.135353707,-0.002944653
119.5538084,3.478979767,7.104853851,-5.455180732,2.118671095,47.82283447,1.261501877,-0.035084927,12.90472094,-12.87833047,2.50288708,6.32410749,0.133313149,-0.002927086
119.5777117,3.06508284,7.090711486,-5.453774754,2.114940136,47.82542697,1.251772068,-0.035077265,12.88680017,-12.91273411,2.508344787,6.40801672,0.135354932,-0.002966696
119.5956643,1.441730199,7.105547137,-5.450947828,2.115037718,47.82644507,1.305961008,-0.035134414,12.41681788,-12.88728354,2.579880999,6.258645922,0.138694712,-0.002910537
119.615084,1.063687952,7.101576357,-5.456315065,2.118727503,47.81049441,1.286018921,-0.035403761,12.89921677,-13.10064207,2.577258363,6.356297933,0.159202965,-0.003199172
119.6319953,0,7.097516011,-5.442702027,2.115013694,47.8169238,1.241485871,-0.036090232,12.93336574,-13.11559714,2.579672589,6.354503566,0.156465486,-0.003199172